,GD Learnt Weight,SGD_Learnt Weights
0,-0.015266187353620576,-0.03409272086372417
1,0.8971677969874284,0.5330628355408795
2,0.7827927012063267,0.4058418833008299
3,0.8472608133927825,0.469255618659256
4,1.2961814371023346,1.042516050386867
5,0.12932299175935918,0.07410238052824554
6,1.5676861225527887,1.101855044987834
7,0.9952270992118226,0.6596683149229886
